french	russian	notes
RICHARD	РИШАР	
Aurélie, Léo, Eliott, Jeanne, Egveniia, Romane, Léa, Théo, Emilie	Орели, Лео, Элиотт, Жанна, Егвения, Роман, Леа, Тео, Эмили	
Moon : Jeanne	Moon : Жанна	
Raph : Eliott	Raph : Элиотт	
Tom : Léo	Tom : Лео	
Ria : Aurélie	Ria : Орели	
Stan : Théo	Stan : Тео	
Gwen : Romane	Gwen : Роман	
Liz : Léa	Liz : Леа	
Vay : Evgennia	Vay : Евгения	
Khal : Emilie	Khal : Эмили	
1 – La Verbeira	1 – Вербейра	
Tous	Все	
Jeanne/Moon : Le cousin de Richard, tu vois ?	Jeanne/Moon : Двоюродный брат Ришара, понимаешь?	« tu vois ? » est une relance orale de connivence, plus qu’une vraie question. « понимаешь? » garde ce ton de conversation et d’insistance familière.
Eliott/Raph : Quoi ?	Eliott/Raph : Что?	
Jeanne/Moon : Tu vois qui ?	Jeanne/Moon : Понимаешь, кто?	« Tu vois qui ? » répète la formule orale pour vérifier que l’autre situe la personne. « Понимаешь, кто? » conserve cette hésitation familière.
Léo/Tom : Oui	Léo/Tom : Да.	
Jeanne/Moon : Il vient d’acheter une Verbeira !	Jeanne/Moon : Он только что купил Вербейру!	
Aurélie/ Ria : Il n’a même pas son permis.	Aurélie/ Ria : У него даже прав нет.	
Jeanne/Moon : Il vient de l’avoir.	Jeanne/Moon : Только что получил.	
Romane/Gwen : Sa Verbeira ?	Romane/Gwen : Свою Вербейру?	
Jeanne/Moon : Aussi.	Jeanne/Moon : Тоже.	
Théo/Stan: Je demande à voir.	Théo/Stan : Хотел бы я на это посмотреть.	
Evgéniia/Vay : La dernière ? Avec des phares à diodes laser plus.	Evgéniia/Vay : Последнюю? С фарами на лазерных диодах плюс.	« phares à diodes laser plus » sonne comme un jargon technique ostentatoire de voiture de luxe. « фары на лазерных диодах плюс » garde l’effet brillant et un peu ridicule.
Léa/Liz : Pourquoi tu dis « à djodes » ? On dit « à di-odes ».	Léa/Liz : Почему ты говоришь «дйодах»? Надо «ди-одах».	le comique porte sur « diodes », mal prononcé « djodes » puis corrigé en « di-odes ». « дйодах / ди-одах » reproduit ce jeu de prononciation.
Evgeniia/Vay : Liz, va moisir !	Evgeniia/Vay : Лиз, сгни уже!	« va moisir ! » est une insulte familière, littéralement « va pourrir ». « сгни уже! » rend l’agressivité adolescente et l’image de pourriture.
Khal/Emilie : Il va frimer à s’en faire exploser les artères, vous allez voir.	Khal/Emilie : Он будет выпендриваться так, что у него артерии лопнут, вот увидите.	« frimer » signifie se vanter, faire le malin, exhiber sa réussite. « выпендриваться » transmet cette ostentation sociale.
Aurélie/Ria : En même temps, tu ne frimerais pas, toi, avec des phares à diodes laser plus ?	Aurélie/Ria : Ну да, а ты бы не выпендривалась с фарами на лазерных диодах плюс?	« frimerais » reprend l’idée de se pavaner avec les « phares à diodes laser plus ». « выпендривалась » garde le ton moqueur.
Eliott/Raph : Moi, je te dis, au volant d’une Verbeira, tu as toujours un abruti content de lui.	Eliott/Raph : А я тебе говорю: за рулем Вербейры всегда сидит самодовольный идиот.	
Tom/Léo : Alors je veux bien devenir un abruti !	Tom/Léo : Тогда я согласен стать идиотом!	
Jeanne/Moon : Sois confiant, Tom, tu es bien parti.	Jeanne/Moon : Будь уверен, Том, ты уже на верном пути.	« tu es bien parti » est ironique : Tom est déjà sur la bonne voie pour être un « abruti ». « ты уже на верном пути » garde cette pique.
Léo/Tom: Moi, je vais peut-être partir en mécanique auto. Enfin, peut-être…	Léo/Tom : Я, может, пойду в автомеханику. Ну, может быть…	« mécanique auto » désigne une orientation professionnelle manuelle, liée au garage. « автомеханика » garde ce registre concret.
Romane/Gwen : Tu sais, le cousin de Richard, il a une Verbeira sans avoir jamais mis les mains dans le cambouis.	Romane/Gwen : Знаешь, двоюродный брат Ришара взял Вербейру, ни разу не запачкав руки в масле.	« mettre les mains dans le cambouis » veut dire faire soi-même le sale travail mécanique. « запачкав руки в масле » rend l’image concrète.
Léa/Liz : Et puis c’est crevant, tout tortillé sous le cul des voitures. Moi je n’irais pas non plus.	Léa/Liz : И потом, это выматывает — весь скрюченный под задницей машин. Я бы тоже не пошла.	« crevant » est familier pour « très fatigant ». « выматывает » garde l’idée d’un travail épuisant.
Léo/Tom : Tu seras un larbin de mecs à grosses caisses.	Léo/Tom : Будешь холуем у мужиков с крутыми тачками.	« larbin » rabaisse l’ouvrier à un serviteur ; « grosses caisses » désigne familièrement des voitures luxueuses. « холуй » et « крутые тачки » gardent le mépris social.
Léa/Liz : Ben c’est vrai qu’il vaut mieux être carrément un mec à grosse caisse. Tant qu’à faire.	Léa/Liz : Ну да, лучше уж самому быть мужиком с крутой тачкой. Раз уж на то пошло.	« grosse caisse » reste l’image de la belle voiture ; « tant qu’à faire » signifie « quitte à choisir ». « крутая тачка » et « раз уж на то пошло » rendent l’ironie.
Ils rient tous sauf Ria. Tom sort vexé, Stan le suit. Ria	Все смеются, кроме Рии. Том уходит обиженный, Стэн идет за ним. Рия	
Gwen/Romane : Vous vous emballez vite, quand même. La Verbeira c’est pas le top. On fait mieux.	Gwen/Romane : Вы все-таки быстро заводитесь. Вербейра — не предел мечтаний. Есть и лучше.	« vous vous emballez » signifie que les autres s’excitent ou s’enthousiasment trop vite. « быстро заводитесь » conserve l’image familière.
Emilie/Khal : Tu ne peux pas dire, à 18 ans, c’est la classe.	Emilie/Khal : Не скажи, в восемнадцать лет это шик.	« c’est la classe » veut dire que cela donne du prestige, surtout à 18 ans. « это шик » garde l’idée d’élégance enviable.
Eliott/Raph : Elle doit être d’occase.	Eliott/Raph : Она, наверное, подержанная.	« d’occase » est familier pour « d’occasion », donc pas neuve. « подержанная » explicite le sens.
Jeanne/Moon : Je crois qu’elle est neuve.	Jeanne/Moon : По-моему, новая.	
Evgeniia/Vay : Avec des phares à diodes laser plus !	Evgeniia/Vay : С фарами на лазерных диодах плюс!	la reprise de « phares à diodes laser plus » imite un argument publicitaire fascinant. « фары на лазерных диодах плюс » garde ce refrain technique.
Ria/Aurélie : Si elle a des phares à diodes laser plus…	Ria/Aurélie : Если у нее фары на лазерных диодах плюс…	
Khal/Emilie : C’est possible, ça ?	Khal/Emilie : Разве такое бывает?	
Romane/Gwen: Faut croire.	Romane/Gwen : Похоже, да.	
Léa/Liz : Moi je veux bien y croire	Léa/Liz : Я вполне готова в это поверить.	
Ria/Aurélie : Comme au Père Noël… Moon, faut toujours que tu la ramènes, et puis qu’est-ce qu’on s’en fout du cousin de Richard ! Qu’est-ce qu’on s’en fout de sa bagnole ? Y a que ça qui te fait rêver ? Pathétique !	Ria/Aurélie : Как в Деда Мороза… Мун, тебе всегда надо вставить свои пять копеек, да и плевать нам на двоюродного брата Ришара! Плевать нам на его тачку! Только это и заставляет тебя мечтать? Жалко!	« la ramener » signifie parler trop ou intervenir sans cesse ; « bagnole » est familier pour voiture. « вставить свои пять копеек » et « тачка » gardent le ton populaire.
Elle prend un livre et s’isole. Gwen et Khal se retrouvent et regardent sur leur téléphone à l’écart.	Она берет книгу и уединяется. Гвен и Каль отходят в сторону и смотрят в свой телефон.	
MUSIQUE	МУЗЫКА	
Moon/Raph/Stan	Мун/Раф/Стэн	
Moon : Pourquoi elle me cherche, Ria ? Qu’est-ce que je lui ai fait ? Qu’est-ce que j’y peux si le cousin de Richard vient d’avoir une Verbeira ? 	Moon : Почему Рия ко мне цепляется? Что я ей сделала? Что я могу поделать, если двоюродный брат Ришара только что получил Вербейру?	
Raph : Quand tu n’as pas d’argent, tu te débrouilles pour en avoir et quand tu en as, tu le dépenses. Normal, non ? 	Raph : Когда у тебя нет денег, ты выкручиваешься, чтобы их раздобыть, а когда они есть — тратишь. Нормально, нет?	« se débrouiller » signifie trouver une solution par ses propres moyens, parfois en bricolant. « выкручиваешься » transmet cette débrouillardise.
Moon : Logique. Pourquoi elle s’énerve comme ça sur moi ? Pourquoi elle n’admet pas que elle aussi ça la fait rêver ? 	Moon : Логично. Почему она так на меня злится? Почему не признает, что ее саму это тоже заводит мечтать?	
Raph : Avant, avec Ria, on n’avait même pas besoin de parler pour se comprendre. Potes, à la vie à la mort. On se regardait, ça suffisait. Mais depuis… Depuis quelques temps, c’est différent. 	Raph : Раньше с Рией нам даже говорить не надо было, чтобы понять друг друга. Друзья — не разлей вода, до гроба. Посмотрели друг на друга — и хватит. Но с тех пор… В последнее время всё иначе.	« potes, à la vie à la mort » désigne une amitié très forte et adolescente. « друзья — не разлей вода, до гроба » rend cette intensité.
Moon : Oui, c’est vrai. Moi, je me regarde en face, ça ne me gêne pas de reconnaitre que j’ai des envies dans la vie. C’est normal de vouloir une belle maison, une belle bagnole, une belle famille. Non ?	Moon : Да, правда. Я смотрю себе в лицо, мне не стыдно признать, что у меня есть желания в жизни. Нормально хотеть красивый дом, красивую тачку, красивую семью. Нет?	« bagnole » est un mot familier pour « voiture », ici associé aux rêves matériels. « тачка » garde ce registre relâché.
Raph : Ben si.  Il faut des buts dans la vie. Je ne sais pas. Je ne comprends pas. 	Raph : Ну да. В жизни нужны цели. Не знаю. Не понимаю.	
Moon : Ria, son but, je crois, c’est d’être prof, ou journaliste, ou quelque chose du genre. Moon et Raph : Chacun ses goûts. C’est tout. 	Moon : У Рии цель, по-моему, стать училкой, или журналисткой, или чем-то вроде того. Мун и Раф : У каждого свои вкусы. И всё.	
Moon : Moi, en tout cas, je trouve que le cousin de Richard a bien raison de profiter de ce qu’il a.  C’est normal. Pouvoir flamber, une fois, au moins une fois, et sentir tous les regards posés sur toi …	Moon : А я, во всяком случае, считаю, что двоюродный брат Ришара правильно делает: пользуется тем, что у него есть. Это нормально. Хоть раз пустить пыль в глаза, хотя бы раз, и чувствовать, как все взгляды на тебе…	« flamber » signifie exhiber son argent ou sa réussite pour attirer les regards. « пустить пыль в глаза » rend cette démonstration ostentatoire.
Raph : Prof… Elle est intelligente, pourtant, Ria. Un puits de connaissance, cette fille. Mais je ne sais pas, elle s’obstine. Avant on se regardait, 	Raph : Училкой… А ведь Рия умная. Кладезь знаний, эта девчонка. Но не знаю, она уперлась. Раньше мы смотрели друг на друга,	
Moon : ça suffisait. 	Moon : и этого хватало.	
Raph : Mais le vide, là, ça stresse. Au lieu de se marrer, de tchatcher, du vide et encore du vide. Mais elle ne voit rien. Même mon vide, elle ne le voit plus.	Raph : А теперь пустота, вот это напрягает. Вместо того чтобы ржать, трепаться, пустота и снова пустота. А она ничего не видит. Даже моей пустоты больше не видит.	« se marrer » veut dire rire, « tchatcher » bavarder beaucoup ; les deux sont familiers. « ржать » et « трепаться » gardent l’énergie orale.
Liz reste à jouer de la guitare et Vay écoute de la musique sous son casque. Entre Stan qui vient la rejoindre	Лиз остается играть на гитаре, а Вэй слушает музыку в наушниках. Входит Стэн и подходит к ней.	
2 - Costard	2 - Костюм	
Gwen, Stan	Гвен, Стэн	
Gwen : Le cousin de Richard, tu vois ?	Gwen : Двоюродный брат Ришара, понимаешь?	« tu vois ? » fonctionne comme une accroche orale répétée dans la pièce. « понимаешь? » garde ce tic de conversation.
Stan : Quoi ?	Stan : Что?	
Gwen : Tu vois qui ?	Gwen : Понимаешь, кто?	« Tu vois qui ? » relance l’interlocuteur pour identifier le cousin. « Понимаешь, кто? » garde la même formule familière.
Stan : Qui roule en Verbeira ?	Stan : Который ездит на Вербейре?	
Gwen : Oui, maintenant, il est toujours en costard.	Gwen : Да, теперь он всегда в костюме.	« costard » est familier pour « costume », avec une nuance sociale de tenue chic. « костюм » donne le sens ; le registre familier est porté par le contexte.
Stan : Tu es prête, on y va ?	Stan : Ты готова, пойдем?	
Gwen : Tu n’avais pas autre chose à te mettre ?	Gwen : Тебе больше нечего было надеть?	
Stan : Non. On y va ?	Stan : Нет. Пойдем?	
Gwen : C’est la couleur aussi.	Gwen : И цвет тоже.	
Stan : Sans doute.	Stan : Наверное.	
Gwen : Surtout avec le pantalon.	Gwen : Особенно с брюками.	
Stan : Il faut changer quoi ? Le pantalon ou les chaussures ?	Stan : Что менять? Брюки или обувь?	
Gwen : Je n’en sais rien, c’est tout. L’allure globale.	Gwen : Не знаю, просто всё. Общий вид.	
Stan : L’allure globale…	Stan : Общий вид…	
Gwen : Oui, je ne sais pas, tout, ça cloche, tout, XXL, la capuche, le délavé. Tout, quoi.	Gwen : Да, не знаю, всё не так: XXL, капюшон, потертости. Всё, короче.	« ça cloche » veut dire que quelque chose ne va pas, sans préciser quoi. « всё не так » garde ce jugement vague.
Stan : Tout moi, quoi.	Stan : То есть весь я.	
Gwen : Mais non mais… Tu ne cherches pas à t’arranger en fait.	Gwen : Да нет, но… Ты на самом деле и не пытаешься выглядеть лучше.	
Stan : Non.	Stan : Нет.	
Gwen : Moi je fais des trucs. Je me maquille. Pour le réveillon, je mets une robe.	Gwen : Я что-то делаю. Крашусь. На новогоднюю вечеринку надеваю платье.	
Stan : Tu veux que je mette une robe ?	Stan : Хочешь, чтобы я надел платье?	
Gwen : Tu n’avais pas une chemise au moins ?	Gwen : У тебя хотя бы рубашки не было?	
Stan : Tu n’aimes pas quand je mets une chemise !	Stan : Тебе не нравится, когда я надеваю рубашку!	
Gwen : Ca dépend une chemise comment.	Gwen : Смотря какую рубашку.	
Stan : Comment ?	Stan : Какую?	
Gwen : N’empêche, ça amincit.	Gwen : Всё равно она стройнит.	
Stan : …	Stan : …	
Gwen : Et puis ça fait plus… Plus smart !	Gwen : И потом, это выглядит более… более смарт!	« smart » est un anglicisme mondain : élégant, chic, bien présenté. « смарт » garde l’emprunt et l’effet de mode.
Stan : …	Stan : …	
Gwen : Tes cheveux ?	Gwen : Твои волосы?	
Stan : Quoi ?	Stan : Что?	
Gwen : C’est bizarre, ils font un peu… un peu comme une perruque. Tu vois ce que je veux dire ?	Gwen : Странно, они немного как… немного как парик. Понимаешь, о чем я?	« tu vois ce que je veux dire ? » adoucit une critique gênante. « понимаешь, о чем я? » garde cette fausse précaution.
Stan : Non.	Stan : Нет.	
Gwen : Même tes dents. Elles sont toujours… Enfin je veux dire… Jamais vraiment…	Gwen : Даже зубы. Они у тебя всегда… Ну, я хочу сказать… Никогда по-настоящему…	
Stan : …	Stan : …	
Gwen : Pourquoi tu me regardes comme ça ?	Gwen : Почему ты на меня так смотришь?	
Stan : Et toi, tu me regardes comment ?	Stan : А ты на меня как смотришь?	
Gwen : Je ne sais plus, Stan. Je ne sais plus.	Gwen : Я уже не знаю, Стэн. Уже не знаю.	
(Stan sort et va se mettre sur le bord de scène haute)	(Стэн выходит и становится у края высокой сцены)	
Attends ! Mais attends, tu vas où ?	Подожди! Да подожди, ты куда?	
Gwen et Khal	Гвен и Каль	
Gwen qui a rejoint Khal : Il est susceptible en plus. Les sacs-poubelles, moi c’est pas mon truc. Pas ma faute quand même. J’ai toujours trouvé ça beau, un mec en costard. 	Gwen, подойдя к Каль : Он еще и обидчивый. Мешки для мусора — это не мое. Не моя же вина. Я всегда находила красивым парня в костюме.	« susceptible » veut dire facilement vexé ; « sacs-poubelles » méprise ses vêtements informes ; « costard » renvoie au costume chic. « обидчивый », « мешки для мусора » et « костюм » rendent ces nuances.
Khal : Comme le cousin de Richard. 	Khal : Как двоюродный брат Ришара.	
Gwen : Je suis sûre que pour un réveillon, lui, il sortirait cash le grand jeu, smoking, cravate. Elégant quoi. 	Gwen : Уверена, что на новогоднюю вечеринку он бы сразу выложился по полной: смокинг, галстук. Элегантно, короче.	« cash » signifie ici « directement, sans hésiter » ; « sortir le grand jeu » veut dire faire de grands efforts pour impressionner. « сразу выложился по полной » rend l’effet spectaculaire.
Khal : Moi je dis, l’élégance ça s’apprend. Le cousin de Richard, il n’était pas comme ça avant. 	Khal : Я говорю: элегантности учатся. Двоюродный брат Ришара раньше таким не был.	
Gwen :Eh ben moi, je dis, ça doit faire plaisir. On doit se sentir bien avec un mec qui a la classe. Je ne dis pas qu’il faut forcément la Verbeira, hein, ne me fais pas dire ce que je n’ai pas dit. Mais un ‘tite classe. L’air de rien, comme ça, l’air qu’on vous regarde, vous et pas une autre et qu’on se dit, ils vont bien ensemble. 	Gwen : А я говорю, это должно быть приятно. Должно быть хорошо рядом с парнем, у которого есть класс. Я не говорю, что обязательно нужна Вербейра, не перевирай мои слова. Но хоть капелька класса. Так, вроде между делом: будто на вас смотрят, на вас, а не на другую, и думают — они хорошо смотрятся вместе.	« avoir la classe » signifie avoir de l’allure ; « ne me fais pas dire » refuse qu’on déforme ses propos. « есть класс » et « не перевирай мои слова » gardent ces deux idées.
Khal : C’est normal quand même que ça fasse envie de faire envie, non ? Mais c’est toujours aux filles de faire des efforts. 	Khal : Нормально ведь, что хочется вызывать желание, правда? Но всегда девчонкам приходится стараться.	« ça fasse envie de faire envie » joue sur le désir de susciter le désir. « хочется вызывать желание » rend ce double mouvement.
Gwen : Eux, les pieds qui puent et les cheveux fillasse, ça ne les gêne pas. Trois pétouilles d’efforts au début et après… Ma mère, à chaque fois qu’elle a un nouveau copain, c’est le même scénario. Moi j’y vois trop clair pour y tomber.  N’empêche que ça fait peur de se tromper. Et Stan, il n’est pas mieux que les autres. Bon, il est sympa, je ne peux pas dire. Et depuis le début. Non, c’est vrai, il est gentil. Et puis il peut être drôle aussi. Là forcément ça ne se voyait pas, mais des fois, si, il peut être drôle. C’est ce qui m’a plu chez lui. Les mecs de ma mère, ils ne sont jamais drôles. Jamais. Je ne sais pas. 	Gwen : Их вонючие ноги и жидкие волосы их не смущают. Три жалких усилия в начале, а потом… У моей мамы каждый раз, когда новый парень, один и тот же сценарий. Я слишком хорошо всё вижу, чтобы попасться. И всё равно страшно ошибиться. И Стэн не лучше других. Ладно, он милый, не могу сказать. И с самого начала. Нет, правда, он добрый. И еще он может быть смешным. Сейчас, конечно, этого не было видно, но иногда — да, он может быть смешным. Это мне в нем и понравилось. Парни моей мамы никогда не бывают смешными. Никогда. Не знаю.	« trois pétouilles d’efforts » désigne de tout petits efforts sans valeur ; « j’y vois trop clair » signifie qu’elle croit comprendre le piège. « три жалких усилия » et « слишком хорошо всё вижу » gardent l’amertume.
Khal : C’est peut-être l’âge. 	Khal : Может, возраст.	
Gwen : Moi je voudrais le bon, direct. Toi tu dis que non. 	Gwen : Я бы хотела сразу правильного. А ты говоришь — нет.	
Khal : Non, ça marche pas comme ça. Il faut en essayer plein avant. 	Khal : Нет, так не бывает. Сначала надо перепробовать многих.	
Gwen : Mais ma mère, quand je vois qu’elle essaie encore, je ne sais pas… Le cousin de Richard, je me demande s’il est drôle.	Gwen : Но когда я вижу, что моя мать всё еще пробует, я не знаю… Интересно, двоюродный брат Ришара смешной?	
Stan en avant scène en hauteur: 	Стэн на авансцене, наверху:	
Stan : Gwen, on dirait pas comme ça, hein ? On lui donnerait le Bon Dieu sans confession, pas vrai ? Eh bien, que je vais vous dire un truc, vous le répétez pas,  que ce qu’on donne à Gwen, on n’est jamais sûr de le récupérer. Voilà, c’est dit. Tant pis. Fallait pas me chercher. Elle va l’avoir, la note. Sous le nez. Et elle va trouver le moyen de me la régler. Normal, non ? Quand on a des dettes. Si elle croit pouvoir m’emberlificoter, jusqu’à l’éternité… Moi je la connais trop bien. C’est pour ça qu’elle s’acharne. Parce que moi, elle pense que je vais me laisser faire. Mais ce qu’elle ne sait pas, c’est que j’en ai assez. Je vais aller lui parler. Il faut que je lui parle. Je vais lui dire. Je vais lui demander. Lui demander de… Non, rien, je ne vais rien demander. Juste lui dire. Normal, non ? 	Stan : Гвен — по ней и не скажешь, да? Ей бы поверили без единой клятвы, правда? Так вот, я вам кое-что скажу, только не повторяйте: что дают Гвен, никогда не ясно, вернет ли она. Вот, сказано. Плевать. Не надо было меня задевать. Она получит счет. Прямо под нос. И найдет способ мне его оплатить. Нормально, нет? Когда есть долги. Если она думает, что сможет водить меня вокруг пальца до бесконечности… Я ее слишком хорошо знаю. Поэтому она и давит. Потому что думает, что я позволю. Но чего она не знает — мне надоело. Я пойду с ней поговорю. Надо с ней поговорить. Я ей скажу. Я попрошу ее. Попрошу… Нет, ничего, ничего просить не буду. Просто скажу. Нормально, нет?	« donner le Bon Dieu sans confession » signifie croire quelqu’un parfaitement innocent ; « emberlificoter » veut dire embrouiller ou tromper par des paroles. « поверили без единой клятвы » et « водить вокруг пальца » rendent ces images.
MUSIQUE, ils changent de place, entrent et sortent	МУЗЫКА, они меняются местами, входят и выходят.	
3 – Acapulco ou Honolulu	3 – Акапулько или Гонолулу	
Liz, Vay, Tom, Ria, Gwen	Лиз, Вэй, Том, Рия, Гвен	
Vay qui a retiré son casque (comme si c’était à elle de jouer): Le cousin de Richard, vous voyez ?	Vay, сняв наушники (как будто ее очередь играть) : Двоюродный брат Ришара, понимаете?	« vous voyez ? » est la version plurielle/polie de « tu vois ? », un appel complice au groupe. « понимаете? » garde la relance orale.
Liz : Quoi ?	Liz : Что?	
Vay : Vous voyez qui ?	Vay : Понимаете, кто?	« Vous voyez qui ? » vérifie que le groupe identifie bien le cousin. « Понимаете, кто? » garde la répétition.
Ria : Qui tape le costard ?	Ria : Который носит костюм?	« taper le costard » est une formule familière pour porter un costume, en se donnant une allure. « носит костюм » donne le sens de cette mise en scène sociale.
Vay : Oui, il va emmener sa copine à Acapulco.	Vay : Да, он повезет свою девушку в Акапулько.	
Tom : C’est où ça ?	Tom : Это где?	
Vay : Ou à Honolulu, je ne sais plus.	Vay : Или в Гонолулу, уже не помню.	
Tom : Connais pas.	Tom : Не знаю такого.	
Ria : Moi non plus.	Ria : Я тоже.	
Liz : C’est Richard qui te l’a dit ?	Liz : Это Ришар тебе сказал?	
Tom : C’est au Brésil, non ?	Tom : Это в Бразилии, нет?	
Ria : Acapulco ou Honolulu ?	Ria : Акапулько или Гонолулу?	
Vay : Acapulco.	Vay : Акапулько.	
Liz : Tu viens de dire Honolulu.	Liz : Ты только что сказала Гонолулу.	
Vay : Mais non, je t’ai dit que je ne savais plus.	Vay : Да нет, я сказала, что уже не помню.	
Ria : Alors c’est peut-être là-bas.	Ria : Значит, может, там.	
Tom : Ils vont boire des mojitos au bord de la piscine.	Tom : Они будут пить мохито у бассейна.	« mojitos au bord de la piscine » évoque un cliché de vacances luxueuses et exotiques. « мохито у бассейна » garde cette image de carte postale.
Liz : La chance !	Liz : Везет!	
Vay : Hmmm	Vay : Ммм.	
Liz : La mère de sa copine, elle accepte de la laisser partir ?	Liz : А мать его девушки согласна отпустить ее?	
Vay / Gwen : Avec un mec plein aux as comme lui, elle ne risque rien. Qu’est-ce que tu veux qu’il lui arrive ?	Vay / Gwen : С таким набитым деньгами парнем, как он, ей ничего не грозит. Что с ней может случиться?	« plein aux as » signifie très riche, littéralement rempli d’argent. « набитым деньгами » garde l’image familière.
Liz : Moi, ma mère, elle ne voudrait jamais. Je ne peux rien faire de toute façon. Elle dirait que c’est trop loin.	Liz : Моя мама никогда бы не согласилась. Мне всё равно ничего нельзя. Она сказала бы, что это слишком далеко.	
Tom : De quoi ? Acapulco ou Honolulu ?	Tom : Что? Акапулько или Гонолулу?	
Liz : C’est toujours loin. Déjà elle ne veut pas que je dorme chez Raph alors qu’on habite à 500 mètres.	Liz : Это всегда далеко. Она даже не хочет, чтобы я ночевала у Рафа, хотя мы живем в пятистах метрах.	
Tom : Pourtant il est déjà bien riche, Raph.	Tom : Хотя Раф уже довольно богат.	
Liz : Elle trouve qu’on est trop jeunes.	Liz : Она считает, что мы слишком молодые.	
Vay /Gwen : C’est vrai que le cousin de Richard, il est quand même plus âgé. Il ne doit pas demander à ses parents pour partir au Brésil.	Vay /Gwen : Правда, двоюродный брат Ришара все-таки старше. Ему, наверное, не надо спрашивать родителей, чтобы уехать в Бразилию.	
Ria : Et elle, elle a notre âge ?	Ria : А она нашего возраста?	
Vay /Tom : Elle, ça ne doit pas être pareil. Elle ne doit pas avoir de parents qui s’occupent d’elle. Est-ce qu’elle a seulement un père ?	Vay /Tom : С ней, наверное, не так. У нее, наверное, нет родителей, которые о ней заботятся. У нее вообще есть отец?	
Liz : Et sa mère ? Je suis sure qu’elle a une tronche d’alcoolique !	Liz : А мать? Уверена, у нее физиономия алкоголички!	
Vay : Je la plains.	Vay : Мне ее жалко.	
Tom : Moi aussi, je la plains.	Tom : Мне тоже ее жалко.	
Ria : Une pauvre fille	Ria : Бедная девчонка.	
Vay : Je n’aimerais pas être elle.	Vay : Я бы не хотела быть ею.	
Liz : Moi non plus. Je n’aimerais pas être elle.	Liz : Я тоже. Я бы не хотела быть ею.	
Gwen : Moi, j’aimerais bien être elle	Gwen : А я бы хотела быть ею.	
Tom : Pas moi, je préfère être moi. De loin	Tom : А я нет, я предпочитаю быть собой. Намного.	
Vay, Ria, Liz, Tom, Raph	Вэй, Рия, Лиз, Том, Раф	
Vay : N’empêche, ça fait un peu conte de fées… 	Vay : И всё-таки это немного сказка…	
Ria : Moi, niveau conte de fées, ce serait plutôt Cendrillon… Avant le bal. Parce que le prince… 	Ria : У меня со сказкой скорее была бы Золушка… До бала. Потому что принц…	
Tom revient et commence à réparer son vélo. 	Том возвращается и начинает чинить свой велосипед.	
Liz : Vay, ça va toujours avec ta belle-mère ?	Liz : Вэй, с мачехой всё еще нормально?	
Moon : Toujours le grand amour avec elle ?	Moon : По-прежнему большая любовь с ней?	
Tom : Oui, comment elle va ta Grosse Pizza ?	Tom : Да, как там твоя Большая Пицца?	« Grosse Pizza » est un sobriquet cruel qui réduit la belle-mère à son corps. « Большая Пицца » garde la moquerie enfantine.
Raph : Elle est toujours là ? T’as pas réussi à t’en débarrasser ?	Raph : Она всё еще там? Не смогла от нее избавиться?	
Ils rient	Они смеются.	
Vay : Mais la belle-mère,  Oui, elle est là, et bien là, partout, dans chaque pièce, dans la cuisine, dans la salle de bains, dans le salon, même dans ma chambre. Elle occupe tout l’espace. C’est infernal. Elle ne s’occupe de rien. Toujours moi qui fais tout. Mon père dit que j’exagère, mais je vois bien qu’il étouffe aussi. Dans ma chambre, elle fouille, je le sais, j’ai des preuves, et à mon père, elle ment, 	Vay : А мачеха — да, она там, и еще как, везде, в каждой комнате, на кухне, в ванной, в гостиной, даже у меня в комнате. Она занимает всё пространство. Это ад. Сама ничем не занимается. Всегда я всё делаю. Отец говорит, что я преувеличиваю, но я же вижу, что он тоже задыхается. В моей комнате она роется, я знаю, у меня есть доказательства, а отцу она врет,	
-Mais là tu n’as pas de preuves. 	- Но тут у тебя нет доказательств.	
Vay : Moi, c’est sûr, elle n’y verrait rien à redire que j’aille avec le cousin de Richard à l’autre bout du monde. 	Vay : Уверена, она была бы совсем не против, если бы я уехала с двоюродным братом Ришара на другой конец света.	
-« Bye bye little Va-Vay ! ». Elle t’appelle toujours comme ça, « little Va-Vay » ?. 	- «Bye bye little Va-Vay!». Она всё еще так тебя называет, «little Va-Vay»?.	« Bye bye little Va-Vay » mêle anglais affecté et diminutif infantilisant. la reprise anglaise garde le ton condescendant.
Vay : Je suis plus grande qu’elle ! Ça a l’air d’un petit nom gentil, comme ça, vu de loin. Mais c’est méprisant, humiliant. 	Vay : Я выше ее! Издалека это вроде милое прозвище. Но оно презрительное, унизительное.	
-Toi, tu l’appelles « grosse pizza ». 	- Ты ее называешь «толстая пицца».	
Vay : Enfin derrière. Derrière son dos, je veux dire ! Parce que c’est surtout de dos qu’elle parait la plus grosse. 	Vay : Ну, за спиной. В смысле, за ее спиной! Потому что именно со спины она кажется самой толстой.	
-Des fois, elle t’achète des trucs. 	- Иногда она покупает тебе всякие штуки.	
Vay : Pour se faire pardonner. Les trucs, moi je les prends et je les revends. Moi, je ne lui donne jamais rien. A Noël, à son anniv, rien. Elle peut toujours sourire. 	Vay : Чтобы выпросить прощение. Штуки я беру и перепродаю. А я ей никогда ничего не дарю. На Рождество, на день рождения — ничего. Пусть себе улыбается.	
-Ça doit lui pincer le cœur. 	- Ей, наверное, больно в сердце.	
Vay : Et alors ? Mon père, il est prêt à la quitter. Je le sens. Il est mûr. Mais il a peur de se retrouver tout seul. 	Vay : И что? Мой отец готов ее бросить. Я чувствую. Он созрел. Но боится остаться один.	
-Faudrait que tu lui présentes la mère de Gwen ! 	- Надо познакомить его с матерью Гвен!	
-Et avec l’argent que t’as récupéré des cadeaux de grosse pizza, tu les envoie à Acapulco boire des mojitos. 	- А на деньги, которые ты выручила от подарков толстой пиццы, отправишь их в Акапулько пить мохито.	les « mojitos » reviennent comme cliché de luxe à Acapulco. « пить мохито » conserve ce symbole de vacances rêvées.
-Quand ils reviennent, ils sont tout love-love et grosse pizza, au placard. 	- Когда вернутся, они будут вся любовь-любовь, а толстую пиццу — в шкаф.	« au placard » veut dire mise à l’écart, éliminée du jeu familial. « в шкаф » garde l’image de relégation.
-Voilà comment on fait le ménage ! 	- Вот как наводят порядок!	« faire le ménage » signifie ici se débarrasser de ce qui gêne, pas seulement nettoyer. « наводят порядок » garde le double sens.
Vay : C’est fatigant, les parents.	Vay : Родители — это утомительно.	
4 - Arrestation	4 - Арест	
Tom, Raph, Liz, Khal	Том, Раф, Лиз, Каль	
Tom : Le cousin de Richard, tu vois ?	Tom : Двоюродный брат Ришара, понимаешь?	« tu vois ? » est encore le tic oral qui lance la rumeur. « понимаешь? » conserve cette entrée familière.
Raph : Quoi ?	Raph : Что?	
Tom : Tu vois qui ?	Tom : Понимаешь, кто?	« Tu vois qui ? » installe le rituel de reconnaissance du cousin. « Понимаешь, кто? » garde la répétition.
Raph : Qui emmène sa copine à Acapulco ?	Raph : Который везет свою девушку в Акапулько?	
Tom : Oui. Il parait qu’il s’est fait arrêter.	Tom : Да. Говорят, его арестовали.	
Liz : C’est vrai ?	Liz : Правда?	
Tom : Je viens de croiser Ria et Vay.	Tom : Я только что встретил Рию и Вэй.	
Raph : C’est dommage. Ça marchait bien pour lui.	Raph : Жалко. У него всё так хорошо шло.	
Liz : Ça sentait le moisi, le pas très net, moi je le dis.	Liz : Попахивало плесенью, чем-то мутным, я же говорю.	« ça sentait le moisi » signifie que l’affaire paraissait louche, pas seulement qu’elle sentait mauvais. « попахивало плесенью, чем-то мутным » garde l’image et le soupçon.
Khal : On n’a que ce qu’on mérite, au fond.	Khal : В глубине души, каждый получает по заслугам.	
Tom : Il est en garde-à-vue.	Tom : Он под стражей.	« garde-à-vue » désigne la retenue par la police pendant l’enquête. « под стражей » rend le statut judiciaire.
Khal : Il va aller en taule ?	Khal : Его посадят?	« taule » est de l’argot pour la prison. « посадят » garde le registre direct et familier.
Raph : Parait qu’il vendait des fausses alarmes à des vieilles, ou un truc du genre. A moins que ce ne soit des adoucisseurs d’eau ou des agendas électroniques pour les aider à retrouver la peau douce et la mémoire. Je ne sais plus bien…	Raph : Говорят, он продавал старушкам фальшивые сигнализации или что-то в этом роде. Или, может, умягчители воды, или электронные ежедневники, чтобы вернуть им нежную кожу и память. Я уже плохо помню…	
Tom : Moi, j’avais plutôt entendu dire qu’il dealait. Et qu’il emballait de la pâte à modeler marron dans de l’alu pour la vendre à des gamins au prix du shit.	Tom : А я скорее слышал, что он барыжил. Заворачивал коричневый пластилин в фольгу и продавал детям по цене гашиша.	« dealait » signifie vendait de la drogue ; « shit » désigne familièrement le cannabis/haschisch. « барыжил » et « гашиш » rendent l’argot.
Liz : Trop banal. A tous les coups il est devenu passeur.	Liz : Слишком банально. Сто пудов он стал перевозчиком.	« à tous les coups » veut dire très probablement ; « passeur » désigne quelqu’un qui fait passer clandestinement des personnes. « сто пудов » et « перевозчик » gardent le sens.
Tom : Passeur ? Impossible.	Tom : Перевозчиком? Невозможно.	
Liz : Je vous le dis depuis de début. Il sent la charogne, ce type. Il passe des clandestins à Calais. Vers l’Angleterre. Un permis et le voilà riche à souhait. Ça ne vous interpelle pas, vous ?	Liz : Я вам с самого начала говорю. От этого типа несет падалью. Он переправляет нелегалов в Кале. В Англию. Получил права — и вот он богат сколько хочешь. Вас это не настораживает?	« clandestins » désigne des migrants sans papiers ; « ça interpelle » signifie que cela devrait faire réfléchir. « нелегалы » et « настораживает » rendent ces nuances.
Tom : Il les emmène dans sa Verbeira avec des phares à diodes laser plus ?	Tom : Он везет их в своей Вербейре с фарами на лазерных диодах плюс?	
Liz : Bonne couverture, non ? Le luxe, ça rassure tout le monde. Tu vois, avec l’argent, c’est comme ça, plus tu en as, plus on t’en donne.	Liz : Хорошее прикрытие, нет? Роскошь всех успокаивает. Видишь, с деньгами так: чем больше у тебя есть, тем больше тебе дают.	« couverture » est une façade qui cache une activité illégale ; « Tu vois » relance l’explication. « прикрытие » et « Видишь » gardent le raisonnement.
Tom : Dans le coffre de sa Verbeira ?	Tom : В багажнике своей Вербейры?	
Liz : A mon avis, il y en a un qui est mort.	Liz : По-моему, один там умер.	
Tom, Raph, Khal : ….	Tom, Raph, Khal : ….	
Liz : Ben quoi ?	Liz : Ну что?	
Raph : Mais c’est grave !	Raph : Но это серьезно!	
Liz : Je ne sais pas… De quoi ? Faire passer des cland’ ou leur tirer de l’argent ?	Liz : Не знаю… Что? Переправлять нелегалов или выманивать у них деньги?	« cland’ » abrège familièrement « clandestins » ; « tirer de l’argent » signifie soutirer de l’argent. « нелегалов » et « выманивать деньги » explicitent le sens.
Khal : C’est de l’argent sale.	Khal : Это грязные деньги.	« argent sale » désigne de l’argent issu d’une activité immorale ou illégale. « грязные деньги » garde l’expression équivalente.
Raph : Super sale, même.	Raph : Даже супергрязные.	
Liz : Parce qu’il vient de loin ?	Liz : Потому что они издалека?	
Khal : C’est un sale mec.	Khal : Он грязный тип.	
Tom : Je préfère encore être mécano et réglo.	Tom : Я лучше уж буду механиком и честным.	« réglo » est familier pour honnête, correct, dans les règles. « честным » rend cette droiture.
Liz : C’est moins risqué, c’est sûr.	Liz : Это менее рискованно, это точно.	
Raph : Mais tu gagnes moins.	Raph : Зато зарабатываешь меньше.	
Tom : Mais tu perds moins.	Tom : Зато теряешь меньше.	
Raph : En même temps, avant qu’il y ait un mort, grâce à Richard, il y en a plein qui sont passés !	Raph : С другой стороны, до того как кто-то умер, благодаря Ришару многие прошли!	
Liz : Tu aides quelqu’un ou tu l’arnaques. Tu fais forcément un choix. Tu n’aides pas quelqu’un en l’arnaquant. C’est de la mauvaise foi.	Liz : Ты либо помогаешь человеку, либо обманываешь его. Ты в любом случае делаешь выбор. Нельзя помогать человеку, обманывая его. Это недобросовестно.	« mauvaise foi » signifie argumenter en sachant qu’on tord la vérité. « недобросовестно » rend cette malhonnêteté intellectuelle.
Khal/Tom : Mais nous on a foi en quoi ? On ne fait rien, ni de bien ni de mal, on ne fait rien.	Khal/Tom : А мы во что верим? Мы ничего не делаем — ни хорошего, ни плохого, ничего.	
Monologue Tom	Монолог Тома	
Tom : Façon, c’est simple. Ils peuvent dire ce qu’ils veulent. Maintenant ça m’est égal. Moi, la mécanique, j’ai toujours aimé. Je voulais rien dire. C’est sorti tout seul. Mes mots. Ils sortent toujours tout seuls. C’est pour ça que ça ne va pas. A l’école je veux dire. Je n’ai jamais le temps de les mettre dans le bon ordre alors ils sortent n’importe comment. En mécanique on doit trouver les bonnes pièces. Pas les bons mots. C’est ça qui est bien. Je vais en parler à M. Vergraef, il va me prendre. En apprentissage, je veux dire. Ria, pour elle, les mots c’est facile. Elle fait des jeux de mots, même. Moi, une fois que j’en vois une de Verbeira je suis déjà content, même si elle n’est pas à moi. Je suis content pour les autres. Mais quand même, je n’aimerais pas que le cousin de Richard se pointe au garage avec sa Verbeira. Je ne saurais pas quoi dire. Et puis les phares à diodes laser plus, je ne saurais pas les réparer. En même temps, maintenant qu’il a été arrêté, ça ne risque plus. Mécano, ce n’est pas larbin. J’ai bien vu, Ria, elle pense comme moi. Que mécano, c’est pas larbin. Façon, c’est simple, Raph, lui, il ne sait pas être content pour les autres. Jamais. C’est drôle, hein ? Moi je préfère aider qu’arnaquer. Le cousin de Richard, c’est l’inverse. Demain je vais voir M. Vergraef.	Tom : Короче, всё просто. Пусть говорят что хотят. Теперь мне всё равно. Механику я всегда любил. Не хотел ничего говорить. Само вырвалось. Мои слова. Они всегда сами вырываются. Поэтому всё не ладится. В школе, я имею в виду. Я никогда не успеваю поставить их в правильном порядке, и они выходят как попало. В механике надо находить правильные детали. Не правильные слова. Вот что хорошо. Я поговорю с господином Верграфом, он меня возьмет. В ученики, я имею в виду. Для Рии слова — это легко. Она даже каламбуры делает. А я, стоит мне увидеть хоть одну Вербейру, уже рад, даже если она не моя. Я рад за других. Но всё же не хотел бы, чтобы двоюродный брат Ришара заявился в гараж со своей Вербейрой. Я бы не знал, что сказать. И фары на лазерных диодах плюс я бы не сумел починить. С другой стороны, теперь, когда его арестовали, этого уже не случится. Механик — это не холуй. Я видел, Рия думает как я. Что механик — не холуй. Короче, всё просто: Раф не умеет радоваться за других. Никогда. Забавно, да? Я предпочитаю помогать, а не обманывать. У двоюродного брата Ришара наоборот. Завтра пойду к господину Верграфу.	« façon » abrège oralement « de toute façon » ; « se pointe » veut dire arrive familièrement ; « larbin » reste l’insulte sociale. « короче », « заявился » et « холуй » gardent l’oralité.
MUSIQUE – Temps où ils bougent sans parler. 	МУЗЫКА – Время, когда они двигаются молча.	
5 - Gigolo	5 - Жиголо	
Moon, Stan, Liz, Ria, Gwen	Мун, Стэн, Лиз, Рия, Гвен	
Moon : Le cousin de Richard, tu vois ?	Moon : Двоюродный брат Ришара, понимаешь?	« tu vois ? » ouvre encore une rumeur sur le cousin de Richard. « понимаешь? » garde la formule de connivence.
Stan : Quoi ?	Stan : Что?	
Moon : Tu vois qui ?	Moon : Понимаешь, кто?	« Tu vois qui ? » répète le mécanisme de reconnaissance. « Понимаешь, кто? » garde ce refrain oral.
Stan : Qui s’est fait arrêter ?	Stan : Которого арестовали?	
Moon : Oui, il serait gigolo.	Moon : Да, он, похоже, жиголо.	« gigolo » désigne un homme entretenu par des femmes, souvent plus âgées ou riches. « жиголо » garde l’emprunt et la connotation morale.
Liz : Non !	Liz : Да ладно!	
Moon : Promis !	Moon : Клянусь!	
Liz: Alors ?	Liz: И что?	
Moon : Alors, ils l’ont relâché. Il a le droit.	Moon : А то, что его отпустили. Он имеет право.	
Stan : Tout s’explique ! La Verbeira, c’est juste le cadeau d’une vieille peau. Je vous le disais, aucune morale !	Stan : Всё объясняется! Вербейра — просто подарок от старой кошелки. Я же говорил, никакой морали!	« vieille peau » est une insulte sexiste et âgiste pour une vieille femme. « старая кошелка » rend le mépris.
Liz : Et toi ?	Liz : А ты?	
Stan : Quoi moi ?	Stan : Что я?	
Moon : Qui nous dit que tu ne le ferais pas, si tu pouvais ?	Moon : Кто сказал, что ты бы так не сделал, если бы мог?	
Stan : Tu me crois capable de… ?	Stan : Ты думаешь, я способен на…?	
Ria : Non justement. Mais si tu étais capable, alors, oui, je me demande.	Ria : Вот именно, нет. Но если бы был способен, тогда да, я бы задумалась.	
Stan : Mais je suis capable.	Stan : Но я способен.	
Ria : Tu viens de dire que non.	Ria : Ты только что сказал, что нет.	
Liz : Tu n’y arrives déjà pas avec Gwen alors…	Liz : Ты уже с Гвен не справляешься, так что…	
Stan : Rien à voir.	Stan : Это вообще другое.	
Liz : Ben quand même. Plus elles sont riches, plus elles sont exigeantes. Et Gwen, elle n’est pas très riche.	Liz : Ну всё-таки. Чем они богаче, тем требовательнее. А Гвен не очень богата.	
Gwen : Pas encore, mais plus tard, je serai riche.	Gwen : Пока нет, но потом я буду богатой.	
Stan : Parce que tu ne m’as jamais vu en smoking. L’air d’un prince !	Stan : Потому что ты никогда не видела меня в смокинге. Вид принца!	
Gwen : Stan, les princes charmants, c’est fini. Maintenant il faut de l’expérience. Des références.	Gwen : Стэн, прекрасные принцы закончились. Теперь нужен опыт. Рекомендации.	« prince charmant » renvoie au héros amoureux des contes, ici déclaré dépassé. « прекрасные принцы » garde la référence au conte.
Stan : Le cousin de Richard, c’est juste qu’il est plus vieux. Moi aussi dans quelques années…	Stan : Двоюродный брат Ришара просто старше. Я тоже через несколько лет…	
Liz : Ah ! Tu vois…	Liz : Ага! Вот видишь…	« Tu vois… » sert à faire avouer à Stan qu’il se contredit. « Вот видишь… » rend cette petite victoire argumentative.
Stan : Mais moi, faudrait vraiment que je sois dans le besoin, la nécessité absolue… Lui, c’est juste pour frimer, pour son plaisir. C’est répugnant… Une vieille peau…. Berk….Il me dégoûte, ce type. 	Stan : Но мне для этого надо было бы правда нуждаться, крайняя необходимость… А он — просто чтобы выпендриться, ради удовольствия. Отвратительно… Старая кошелка… Фу… Меня тошнит от этого типа.	« dans le besoin » signifie en grande nécessité ; « frimer » exhiber sa réussite ; « vieille peau » insulte une femme âgée ; « Berk » exprime le dégoût. « нуждаться », « выпендриться », « старая кошелка » et « фу » rendent ces registres.
Moon : Moi je te dégoûte ?	Moon : Я тебя тоже тошню?	
Stan : Pourquoi tu dis ça ?	Stan : Почему ты так говоришь?	
Moon : Je l’ai déjà fait.	Moon : Я уже это делала.	
Liz : Elle te nargue.	Liz : Она тебя дразнит.	« narguer » signifie provoquer quelqu’un en le défiant ou en le piquant. « дразнит » garde cette provocation.
Moon : Non. C’est vrai. Je l’ai déjà fait.	Moon : Нет. Это правда. Я уже это делала.	
Stan et Liz : Je ne te crois pas.	Stan et Liz : Не верю.	
Moon : Une seule fois.	Moon : Один-единственный раз.	
Stan : Avec qui ? Pourquoi ?	Stan : С кем? Почему?	
Moon : Je ne sais plus.	Moon : Уже не помню.	
Moon va se mettre plus loin en hauteur. Un temps long.	Мун уходит дальше, наверх. Долгая пауза.	
Liz : Alors ça n’existe plus.	Liz : Тогда этого больше не существует.	
Liz, Gwen et Ria	Лиз, Гвен и Рия	
Liz : Faut pas la croire, Moon. C’est de la provoc. Parce que Stan, il nous énerve. Tous les gars, d’ailleurs. A dire que le cousin de Richard est un gigolo. Qu’est-ce qu’ils en savent ? Ils sont jaloux, c’est tout. Surtout Stan, parce que sa Gwen, elle lorgne dessus.	Liz : Не верь ей, Мун. Это провокация. Потому что Стэн нас бесит. Все парни, кстати. Говорят, что двоюродный брат Ришара — жиголо. Что они знают? Они просто завидуют. Особенно Стэн, потому что его Гвен на него заглядывается.	« provoc » abrège « provocation » ; « lorgne dessus » signifie désirer discrètement. « провокация » et « заглядывается » rendent l’idée.
Ria/Gwen : Faut pas la croire, Moon. C’est de la provoc. Elle en est incapable. On se connait depuis la maternelle. Je suis sûre que jamais elle…. Elle n’a même jamais eu un vrai copain. Le cousin de Richard, lui, faut reconnaitre qu’il est spécialiste. Il y a d’autres filles, aussi, je ne peux pas dire le contraire. Kim, par exemple, il faut avouer que… Mais on peut bien être amoureux de quelqu’un de riche aussi ? 	Ria/Gwen : Не верь ей, Мун. Это провокация. Она на такое не способна. Мы знаем друг друга с детского сада. Уверена, она никогда… У нее даже настоящего парня никогда не было. Двоюродный брат Ришара, надо признать, специалист. Есть и другие девчонки, тоже, не могу сказать обратное. Ким, например, надо признать, что… Но ведь можно же влюбиться и в богатого человека?	
Liz : Ce n’est pas un crime. Moi, ça ne me dérangerait pas. Mais pour autant je n’irais pas avec des vieux, même riches. Faut pas la croire, Moon. C’est de la provoc. Et puis elle n’a pas été élevée comme ça. Enfin, je ne sais pas, moi, mais ça se voit. 	Liz : Это не преступление. Меня бы это не смутило. Но при этом я бы не пошла со стариками, даже богатыми. Не верь ей, Мун. Это провокация. И потом, ее не так воспитали. Ну, не знаю, но это видно.	
Ria : Faut pas la croire, Moon. C’est de la provoc. Dans le cou, là, elle a la peau super douce. Avec les petites mèches dessus, c’est trop mignon. Parfois j’ai envie de l’embrasser à cet endroit comme ça, parce que c’est tentant, tout simplement. Mais je n’ose pas. Je ne sais pas comment elle le prendrait. Faut pas la croire, Moon. C’est de la provoc. Je n’ose pas. Mais il faudrait. J’en ai tellement envie. Moi, il ne m’a jamais trop rien dit, le cousin de Richard. Il m’aurait dit oui que j’aurais dit non. Déjà avant.	Ria : Не верь ей, Мун. Это провокация. Вот на шее у нее кожа супернежная. С маленькими прядками сверху — это так мило. Иногда мне хочется поцеловать ее в это место, просто так, потому что тянет. Но я не решаюсь. Не знаю, как она это воспримет. Не верь ей, Мун. Это провокация. Я не решаюсь. А надо бы. Мне так хочется. Двоюродный брат Ришара никогда мне особенно ничего не говорил. Сказал бы он мне «да» — я бы сказала «нет». Уже тогда.	« il ne m’a jamais trop rien dit » veut dire qu’il ne l’a jamais vraiment attirée. « никогда мне особенно ничего не говорил » garde l’euphémisme.
Liz/Gwen : Vous croyez que c’est vrai pour Moon ?	Liz/Gwen : Думаете, это правда про Мун?	
6 - Disparition	6 - Исчезновение	
Tom, Raph, Khal, Vay	Том, Раф, Каль, Вэй	
Tom : Le cousin de Richard, tu vois ?	Tom : Двоюродный брат Ришара, понимаешь?	« tu vois ? » continue le refrain oral autour du cousin. « понимаешь? » garde le tic de langage.
Raph : Quoi ?	Raph : Что?	
Tom : Tu vois qui ?	Tom : Понимаешь, кто?	« Tu vois qui ? » demande encore de situer le personnage. « Понимаешь, кто? » conserve le rituel.
Raph : Qui est gigolo ?	Raph : Который жиголо?	
Tom : Oui. On ne le retrouve plus.	Tom : Да. Его больше не могут найти.	
Khal : Comment ça ?	Khal : Как это?	
Tom : Disparu.	Tom : Исчез.	
Vay : Il est parti ?	Vay : Он уехал?	
Tom : Aucune trace. Rien. Personne. Personne de prévenu.	Tom : Ни следа. Ничего. Никого. Никого не предупредил.	
Raph : Comment on l’a su ?	Raph : Как мы узнали?	
Tom : Richard. J’imagine.	Tom : Ришар. Наверное.	
Khal : Il doit être dans un état !	Khal : Он, наверное, в ужасном состоянии!	
Tom : Moi, Richard, je le trouve fuyant en ce moment.	Tom : По-моему, Ришар в последнее время какой-то уклончивый.	« fuyant » décrit quelqu’un qui évite les autres ou les questions. « уклончивый » garde cette esquive.
Raph : Pas moi.	Raph : По-моему, нет.	
Vay : Qu’est-ce que tu en sais ? Tu le connais à peine.	Vay : Откуда ты знаешь? Ты его едва знаешь.	
Raph : Possible. Que oui, que non.	Raph : Возможно. И да, и нет.	« Que oui, que non » est une réponse volontairement évasive. « И да, и нет » garde l’ambiguïté.
Tom : Qu’est-ce que tu veux dire ? Vas-y, sois plus clair.	Tom : Что ты хочешь сказать? Давай, говори яснее.	
Raph : Ca me regarde.	Raph : Это мое дело.	« ça me regarde » signifie que cela ne concerne que moi. « это мое дело » rend la fermeture.
Khal : Richard, il a prévenu la police ?	Khal : Ришар заявил в полицию?	
Raph : Ce n’est pas à lui de le faire.	Raph : Не ему это делать.	
Vay : Pourquoi pas ? Pourquoi pas lui ?	Vay : Почему нет? Почему не ему?	
Tom : Moi je suis sûre que Richard sait où il se cache.	Tom : Я уверена, Ришар знает, где он прячется.	« se cache » peut vouloir dire se planquer volontairement, pas seulement être introuvable. « прячется » garde l’idée de dissimulation.
Khal : Il se cache ou il a disparu ? S’il savait quelque chose, il ne le dirait pas que son cousin a disparu.	Khal : Он прячется или исчез? Если бы он что-то знал, он бы не говорил, что его кузен исчез.	« il se cache ou il a disparu ? » oppose la fuite volontaire à la disparition subie. « прячется или исчез? » garde cette nuance.
Raph : Pour se rendre intéressant.	Raph : Чтобы привлечь к себе внимание.	« se rendre intéressant » signifie attirer l’attention sur soi, souvent artificiellement. « привлечь к себе внимание » rend le reproche.
Tom : Ce n’est pas son genre.	Tom : Это не в его стиле.	
Raph : Parfaitement son genre. Richard, qu’est-ce qu’il est sans son cousin ? Rien sans le cousin.	Raph : Именно в его стиле. Ришар — кто он без своего кузена? Ничто без кузена.	
Khal : Il a peut-être plus de personnalité que vous ne le croyez.	Khal : Может, у него больше личности, чем вы думаете.	
Tom : Peut-être qu’il a été kidnappé ?	Tom : Может, его похитили?	
Vay : La police le recherche au moins ?	Vay : Полиция хотя бы его ищет?	
Tom : Un coup on lui demande de le relâcher, un coup on lui demande de le rechercher, elle doit en avoir marre, la police, du cousin de Richard. S’il était resté au trou, au moins il y serait toujours.	Tom : То их просят отпустить его, то искать его — полиции, наверное, уже надоел двоюродный брат Ришара. Если бы он остался в кутузке, он бы там хотя бы всё еще был.	« au trou » est familier pour en prison ou en cellule. « в кутузке » garde l’argot.
Khal : Tom !	Khal : Том!	
Tom : Ben quoi ? C’est vrai ! Vous croyez que ce sont des clandestins qui sont venus le chercher ?	Tom : Ну что? Это правда! Думаете, это нелегалы пришли за ним?	
Vay : Pour venger celui qui est mort ?	Vay : Чтобы отомстить за того, кто умер?	
Khal : Qu’est-ce qu’il en dit, Richard ?	Khal : Что говорит Ришар?	
Tom : Je ne sais pas. Ça fait un bail que je ne l’ai pas vu.	Tom : Не знаю. Я его сто лет не видел.	« ça fait un bail » signifie que cela fait longtemps. « сто лет не видел » rend l’hyperbole familière.
Khal : Et toi ?	Khal : А ты?	
Raph : Pareil.	Raph : То же самое.	
Tom : Quand je vous dis qu’il est fuyant.	Tom : Вот я и говорю, он уклончивый.	
Khal/Gwen/Stan	Каль/Гвен/Стэн	
Khal : Moi aussi je vais disparaître. Rien à faire de ce Richard, de son cousin. Je ne les connais même pas de toute façon. Rien à faire. Je vais partir. Il faut que je parte. Ils me déçoivent, tous. Encore que. Non. Ils ne me déçoivent même pas. Ils m’ennuient. Tout simplement. 	Khal : Я тоже исчезну. Плевать мне на этого Ришара, на его кузена. Я их даже не знаю, в конце концов. Плевать. Я уеду. Мне надо уехать. Они все меня разочаровывают. Хотя нет. Даже не разочаровывают. Они мне надоели. Просто.	« rien à faire » veut dire ici « je m’en fiche complètement ». « плевать » garde la lassitude et le rejet.
Gwen :Je m’ennuie tellement ici. 	Gwen : Мне здесь так скучно.	
Stan : Moi je fais semblant, toujours semblant. Semblant de m’intéresser. Semblant de discuter. Mais moi, au moins je sais pourquoi je fais semblant.  Moi je fais semblant parce que c’est sordide d’être toute seule. 	Stan : Я притворяюсь, всегда притворяюсь. Притворяюсь, что мне интересно. Притворяюсь, что разговариваю. Но я, по крайней мере, знаю, почему притворяюсь. Я притворяюсь, потому что быть совсем одной — мерзко.	
Khal : Rien à faire. Cette histoire du cousin de Richard, c’est une grotesque goutte d’eau. Je me sens comme un poisson rouge dans un bocal avec un chat qui guette. 	Khal : Плевать. Эта история с двоюродным братом Ришара — гротескная последняя капля. Я чувствую себя как золотая рыбка в аквариуме, за которым следит кот.	« goutte d’eau » renvoie à la dernière goutte qui fait déborder le vase ; « poisson rouge dans un bocal » exprime l’enfermement sous surveillance. « последняя капля » et « золотая рыбка в аквариуме » gardent ces images.
Tous : Il faut que je parte. 	Tous : Мне надо уехать.	
Khal : Je vais demander à Ria de le dire à mes parents. Quand je serai partie. Pas le choix. Qu’ils ne s’imaginent pas que moi aussi j’ai disparu. Et qu’on n’imagine pas non plus que j’ai disparu avec le cousin de Richard ! Ils vont avoir peur pour moi. Il faut les comprendre. Ils n’ont qu’une fille. Moi. Alors ça compte. Mais j’enverrai des nouvelles. Souvent. Pour les rassurer. C’est dur de partir. Leur peur, la mienne, tout ça, ça fait beaucoup. Je vais lui laisser un petit mot, à Ria, gai, enthousiaste. Pour tout expliquer. A moins qu’elle parte avec moi. Je peux toujours lui demander. A deux, c’est quand même mieux.	Khal : Я попрошу Рию сказать это моим родителям. Когда я уеду. Другого выхода нет. Чтобы они не подумали, что я тоже исчезла. И чтобы никто тоже не подумал, что я исчезла с двоюродным братом Ришара! Они будут за меня бояться. Их надо понять. У них одна дочь. Я. Значит, это важно. Но я буду посылать новости. Часто. Чтобы успокоить. Уезжать трудно. Их страх, мой страх — всего слишком много. Я оставлю Рии записку, веселую, восторженную. Чтобы всё объяснить. Если только она не уедет со мной. Я всегда могу попросить. Вдвоем всё-таки лучше.	
7 - Vengeance	7 - Месть	
Tous 	Все	
Ria est un peu à l’écart ou ira s’isoler pendant leur conversation	Рия немного в стороне или уединится во время их разговора.	
Moon : Le cousin de Richard, tu vois ?	Moon : Двоюродный брат Ришара, понимаешь?	« tu vois ? » relance une dernière fois la rumeur collective. « понимаешь? » conserve la formule orale.
Tom : Quoi ?	Tom : Что?	
Moon : Tu vois qui ?	Moon : Понимаешь, кто?	« Tu vois qui ? » poursuit le refrain d’identification. « Понимаешь, кто? » garde la mécanique répétitive.
Raph : Qui a disparu ?	Raph : Который исчез?	
Moon : Oui, Jérome.	Moon : Да, Жером.	
Vay : Pas Jérome, Joël.	Vay : Не Жером, Жоэль.	
Stan : Tu parles bien du gigolo ?	Stan : Ты точно про жиголо?	
Moon : Oui.	Moon : Да.	
Stan : C’est Marco.	Stan : Это Марко.	
Khal : Moi, Richard m’a toujours dit que c’était Christophe.	Khal : Мне Ришар всегда говорил, что это Кристоф.	
Gwen : Faudra qu’on redemande à Richard.	Gwen : Надо будет еще раз спросить у Ришара.	
Vay : On ne l’a pas vu au réveillon ?	Vay : Мы его не видели на новогодней вечеринке?	
Moon : Qui ? Le cousin ?	Moon : Кого? Кузена?	
Liz : Richard. Son cousin, je ne le reconnaitrais pas.	Liz : Ришара. Его кузена я бы не узнала.	
Khal : C’est vrai ?	Khal : Правда?	
Liz : Je ne l’ai vu qu’une fois à un anniversaire.	Liz : Я видела его только раз на дне рождения.	
Moon : Et en plus tu confonds Jérome et Joël. Pas les mêmes.	Moon : И к тому же ты путаешь Жерома и Жоэля. Не одно и то же.	
Gwen : Parce que toi, tu le connais bien ?	Gwen : А ты, значит, хорошо его знаешь?	
Moon : Quand même. Il arrive quelque part, tu ne peux pas le rater. Super grand, mince, tout roux et des yeux verts.	Moon : Всё-таки. Он приходит куда-нибудь — его невозможно не заметить. Супервысокий, худой, весь рыжий и зеленые глаза.	« tu ne peux pas le rater » signifie qu’il est impossible de ne pas le remarquer. « невозможно не заметить » rend l’évidence visuelle.
Stan : Les yeux verts, d’accord, mais sinon il est brun avec la peau mate. Pas du tout une peau de roux.	Stan : Зеленые глаза — ладно, но вообще он брюнет со смуглой кожей. Совсем не кожа рыжего.	
Vay : Tu peux bien être roux et avoir la peau mate, non ?	Vay : Можно же быть рыжим и смуглым, нет?	
Gwen : Non.	Gwen : Нет.	
Moon : Ben non.	Moon : Ну нет.	
Raph : Ah bon. Il est petit en tout cas, ça j’en suis presque sûre. Et il a les yeux vairons, pas verts. C’est quand même assez remarquable pour le remarquer !	Raph : А, правда? Во всяком случае, он маленький, в этом я почти уверена. И глаза у него разноцветные, не зеленые. Это всё-таки достаточно заметно, чтобы заметить!	« yeux vairons » désigne des yeux de couleurs différentes ; la phrase joue sur « remarquable/remarquer ». « разноцветные глаза » et « заметно/заметить » gardent le jeu.
Moon : Oublie. Tu te trompes de cousin.	Moon : Забудь. Ты ошиблась кузеном.	
Tom : Ce qui est certain, c’est qu’on parle bien de celui qui fait du surf à Honolulu.	Tom : Точно одно: мы говорим о том, кто занимается серфингом в Гонолулу.	
Vay : Et qui est sorti avec la mère de Gwen.	Vay : И кто встречался с матерью Гвен.	
Raph : Et aussi Mme Duchâteau !	Raph : И еще с мадам Дюшато!	
Liz : On parle bien du même.	Liz : Мы точно говорим об одном и том же.	
Vay : C’est ce qui compte.	Vay : Это главное.	
Raph : Qui a pu s’acheter un 4X4 Verbeira décapotable le jour de son permis.	Raph : Который смог купить кабриолет 4X4 Вербейра в день получения прав.	
Stan : Oui, au prix d’une vie. Mais une petite vie. Seulement une petite vie de clandestin…	Stan : Да, ценой жизни. Но маленькой жизни. Всего лишь маленькой жизни нелегала…	« une petite vie de clandestin » est une formule cynique qui minimise une vie humaine. « маленькой жизни нелегала » conserve cette violence.
Khal : Rigole mais moi, une crapule pareille, ça ne me dit rien.	Khal : Смейся, но мне такая мразь совсем не нравится.	
Vay : Moi non plus. Il peut se le garder, Richard, son escroc de cousin.	Vay : Мне тоже. Пусть Ришар оставит себе своего кузена-мошенника.	
Moon : On pourrait taguer des trucs sur sa voiture.	Moon : Можно написать что-нибудь на его машине.	« taguer » signifie écrire ou peindre à la bombe sur un support. « написать что-нибудь на машине » explicite l’acte.
Liz : Du genre ?	Liz : Типа?	
Moon : Du genre « Marco, salaud » !	Moon : Типа «Марко, подонок»!	
Raph : Ça manque de classe. Et puis il ne s’appelle plus Marco ?	Raph : Не хватает класса. И потом, его уже не Марко зовут?	« ça manque de classe » signifie que ce n’est pas assez élégant ou stylé. « не хватает класса » garde le jugement esthétique.
Vay : Il a changé d’identité ?	Vay : Он сменил личность?	
Stan : Ça lui ressemble.	Stan : На него похоже.	
Gwen : Pour ça qu’on s’y perd.	Gwen : Вот почему мы путаемся.	
Moon : « Théophile, pédophile » !	Moon : «Теофиль — педофил»!	
Tom : Qu’est-ce qu’on en sait ? Après tout ce qu’il a fait ?	Tom : Откуда нам знать? После всего, что он сделал?	
Raph : Pédophile c’est plutôt un truc de vieux.	Raph : Педофил — это скорее что-то про стариков.	
Liz : « Sale rapace, gros dégueulasse ».	Liz : «Грязная падаль, жирная гадость».	
Moon : Pas mal. Et puis comme, même s’il s’appelle Théophile, on est bons… Mais c’est quand même dommage d’abimer une Verbeira, non ?	Moon : Неплохо. И если его даже зовут Теофиль, мы всё равно попали… Но всё-таки жалко портить Вербейру, нет?	
Vay : Tu trouves qu’il la mérite ?	Vay : Ты считаешь, он ее заслуживает?	
Stan : Le problème c’est que, s’il a disparu, il ne les verra pas, les tags sur sa voiture.	Stan : Проблема в том, что если он исчез, он их не увидит, эти надписи на своей машине.	
Vay : Et si c’est Richard qui la récupère, on aura tagué la voiture de Richard.	Vay : А если ее заберет Ришар, мы изрисуем машину Ришара.	
Gwen : Ça serait laid de la part de Richard de prendre la voiture de son cousin. Il n’est pas mort quand même.	Gwen : Было бы низко со стороны Ришара взять машину своего кузена. Он же не умер.	
Khal : Disparu, ce n’est pas mort.	Khal : Исчез — не значит умер.	
Vay : Mais ça peut. 	Vay : Но может значить.	
Gwen : Ça peut des fois, mais pas toujours.	Gwen : Иногда может, но не всегда.	
Stan : Mais Richard ne ferait jamais ça.	Stan : Но Ришар никогда бы так не сделал.	
Gwen : Tu plaisantes ? Prêt à tout, Richard, pour faire croire qu’il est riche. Pour qu’on le regarde, pour qu’on l’envie.	Gwen : Шутишь? Ришар готов на всё, чтобы все думали, что он богат. Чтобы на него смотрели, чтобы ему завидовали.	« pour qu’on l’envie » signifie chercher à susciter la jalousie et le désir social. « чтобы ему завидовали » rend cette logique de prestige.
Liz : Mais on ne l’envierait pas.	Liz : Но мы бы ему не завидовали.	
Moon : Sûr que non.	Moon : Уж точно нет.	
Raph : Trop glauque.	Raph : Слишком мутно.	« glauque » signifie malsain, sordide, moralement trouble. « мутно » garde cette impression obscure.
Vay : On n’est pas comme ça.	Vay : Мы не такие.	
Tom : Non, on n’est pas comme ça.	Tom : Нет, мы не такие.	
Khal : Tu dis rien, Ria ?	Khal : Ты ничего не говоришь, Рия?	
Ria	Рия	
Ria : Non, je ne dis rien. Pourquoi ? Pourquoi je dirais quelque chose ? Je sais trop bien comment ça marche. Un mot de travers. Et c’est sur moi que ça retombe. Je le sais. Je le sens. Alors non. Je ne dis rien. Plus rien. Je n’ai plus rien à dire. Parce que je ne sais plus quoi penser. Je pense juste que Khal va s’en aller. Ça se voit. Elle ne nous supporte plus. C’est vrai. On devient cinglés. Avec cette histoire du cousin de Richard. Ou bien on l’était déjà. Tout se mélange. Les voix, les noms, les mots. Ce qu’on pense. Qu’on ne pense pas. Qu’on ne pense plus. Qu’on dit. Ou qu’on ne dit plus. Qu’on dit encore. Alors qu’on ne le pense plus. Moi non plus je ne nous supporte plus. On a l’air de quoi ? Khal ne doit pas s’en aller. C’est à ça que je pense. Pas sans moi en tout cas. Je n’ai pas envie de m’en aller. Je ne dois pas la laisser s’en aller. Je ne me supporte pas quand je dis ça. Mais je le dis. Quand même. Parce que je le pense. Je le pense si fort. Peut-être qu’elle va entendre. Que je ne veux pas. La laisser s’en aller. Elle n’imagine pas. Sûr. Sûr qu’elle ne m’imagine pas comme ça. Comme ça. « On n’est pas comme ça ». Comme quoi ? On a l’air de quoi ?	Ria : Нет, я ничего не говорю. Почему? Почему я должна что-то сказать? Я слишком хорошо знаю, как это работает. Одно неверное слово. И всё падает на меня. Я знаю. Я чувствую. Так что нет. Я ничего не говорю. Больше ничего. Мне больше нечего сказать. Потому что я уже не знаю, что думать. Я думаю только, что Каль уедет. Это видно. Она нас больше не выносит. Это правда. Мы сходим с ума. С этой историей двоюродного брата Ришара. Или уже сошли. Всё смешивается. Голоса, имена, слова. То, что думаешь. Что не думаешь. Что больше не думаешь. Что говоришь. Или больше не говоришь. Что всё еще говоришь. Хотя уже не думаешь. Я тоже больше нас не выношу. На что мы похожи? Каль не должна уезжать. Вот о чем я думаю. Во всяком случае не без меня. Я не хочу уезжать. Я не должна дать ей уехать. Я себя не выношу, когда говорю это. Но говорю. Всё равно. Потому что думаю. Думаю так сильно. Может, она услышит. Что я не хочу. Дать ей уехать. Она не представляет. Точно. Точно она не представляет меня такой. Такой. «Мы не такие». Какие? На что мы похожи?	« un mot de travers » signifie une parole maladroite ou de trop qui se retourne contre soi. « одно неверное слово » rend le danger.
8 -  Annonce journal	8 - Объявление в газете	
Raph, Gwen, Liz, Ria,Tom, Stan, Vay, Moon	Раф, Гвен, Лиз, Рия, Том, Стэн, Вэй, Мун	
Raph : « Hier, vendredi 4 octobre, un accident de la route a coûté la vie à un jeune homme de 20 ans, Christophe Mandaël. Selon les premiers éléments de l’enquête de police, le véhicule de Christophe Mandaël aurait été percuté de plein fouet par un 4X4 Verbeira flambant neuf au km 145. Le chauffard, âgé d’environ 55 ans, considérablement alcoolisé, aurait circulé au milieu de la chaussée, à une vitesse excessive. Les pompiers et les médecins du SAMU ont tout essayé pour réanimer la victime qui est décédée sur les lieux de la collision. Christophe Mandaël allait, ce soir-là, chercher son cousin, Richard Mandaël pour fêter avec lui sa première embauche au garage Multimécanique. « Nous devions sortir au Paradise. Il m’avait toujours dit que, le jour où il toucherait son premier salaire, c’est là qu’on irait fêter ça » nous a confié le garçon effondré. A l’heure qu’il est, la police recherche activement le chauffard en fuite. La famille du défunt accueillera parents et amis au salon funéraire de Gouvernay de 15 heures à 18 heures. La cérémonie des obsèques se déroulera en l’église Notre Dame le 9 octobre à 15 heures ».	Raph : «Вчера, в пятницу 4 октября, дорожно-транспортное происшествие унесло жизнь молодого человека двадцати лет, Кристофа Мандаэля. По первым данным полицейского расследования, автомобиль Кристофа Мандаэля был протаранен в лоб совершенно новым 4X4 Вербейра на 145-м километре. Лихач, примерно пятидесяти пяти лет, в состоянии сильного алкогольного опьянения, ехал посередине проезжей части на чрезмерной скорости. Пожарные и врачи скорой помощи SAMU сделали всё, чтобы реанимировать пострадавшего, который скончался на месте столкновения. В тот вечер Кристоф Мандаэль ехал за своим двоюродным братом Ришаром Мандаэлем, чтобы отметить с ним его первое трудоустройство в гараже Multimécanique. «Мы должны были пойти в Paradise. Он всегда говорил мне, что в день, когда получит первую зарплату, именно туда мы пойдем это праздновать», — доверил нам убитый горем юноша. В настоящий момент полиция активно разыскивает скрывшегося лихача. Семья покойного будет принимать родственников и друзей в похоронном зале Гуверне с 15 до 18 часов. Церемония похорон состоится в церкви Нотр-Дам 9 октября в 15 часов».	« chauffard » désigne un conducteur dangereux ; « SAMU » est le service médical d’urgence français. « лихач » et « скорая помощь SAMU » explicitent ces références.
Liz : D’où ça sort ?	Liz : Откуда это?	
Raph : De son sac.	Raph : Из его сумки.	
Stan : Tu as fouillé le sac de Richard ? 	Stan : Ты рылся в сумке Ришара?	
Raph : Je n’ai pas fouillé, j’ai juste vérifié.	Raph : Я не рылся, я просто проверял.	« vérifier » est un euphémisme comique pour « fouiller ». « просто проверял » garde la mauvaise foi.
Vay : Quoi ?	Vay : Что?	
Raph : Si ce qu’il me devait s’y trouvait.	Raph : Не лежит ли там то, что он мне должен.	
Gwen : Ca date d’octobre ?	Gwen : Это датировано октябрем?	
Raph : Octobre.	Raph : Октябрем.	
Gwen, Liz, Tom, Ria, Khal, Vay,Stan : …	Gwen, Liz, Tom, Ria, Khal, Vay,Stan : …	
Raph : Trois mois.	Raph : Три месяца.	
Ria : Trois mois qu’il a été percuté par une Verbeira ?	Ria : Три месяца, как его сбила Вербейра?	
Tom : Trois mois que tu nous as dit qu’il s’était acheté une Verbeira.	Tom : Три месяца, как ты сказала нам, что он купил себе Вербейру.	
Raph : Ce n’est pas moi.	Raph : Это не я.	
Liz : Quoi, ce n’est pas toi ? Ce n’est pas toi qui nous l’as dit ?	Liz : Как это не ты? Не ты нам это сказала?	
Raph : J’ai juste dit ce que Moon m’a dit.	Raph : Я просто сказала то, что мне сказала Мун.	
Ria : Mais qui a dit à Moon ce que Moon t’a dit ?	Ria : Но кто сказал Мун то, что Мун сказала тебе?	
Raph : Je n’en sais rien qui a dit à Moon ce que Moon m’a dit… Richard ?	Raph : Не знаю я, кто сказал Мун то, что Мун сказала мне… Ришар?	
Vay : Trois mois qu’on ne le voit presque plus, Richard. Qu’on ne l’entend plus.	Vay : Три месяца мы почти не видим Ришара. Не слышим его.	
Stan : Depuis la mort de son cousin.	Stan : С тех пор как умер его кузен.	
Khal : Tu savais qu’il était mort, son cousin ?	Khal : Ты знала, что его кузен умер?	
Moon : Ben non.	Moon : Ну нет.	
Liz : Et toi ?	Liz : А ты?	
Gwen : Non plus.	Gwen : Тоже нет.	
Stan : Il est secret, Richard.	Stan : Ришар скрытный.	
Gwen : Une tombe.	Gwen : Могила.	« une tombe » désigne quelqu’un qui garde parfaitement les secrets. « могила » garde l’image idiomatique.
Tom : Une huitre.	Tom : Устрица.	« une huître » désigne une personne fermée, peu communicative. « устрица » garde l’image de fermeture.
Ria : Pourquoi il ne nous l’a pas dit ?	Ria : Почему он нам не сказал?	
Tom : Quoi ?	Tom : Что?	
Ria : Il y a trois mois.	Ria : Три месяца назад.	
Raph : Il a oublié.	Raph : Он забыл.	
Liz : Arrête !	Liz : Прекрати!	
Vay : Trop triste.	Vay : Слишком грустно.	
Gwen : Accablé.	Gwen : Раздавлен.	
Stan : Si on avait su, on aurait pu aller à l’enterrement.	Stan : Если бы мы знали, мы могли бы пойти на похороны.	
Liz : En même temps, on ne le connaissait pas.	Liz : С другой стороны, мы его не знали.	
Khal : Non ?	Khal : Нет?	
Moon : Ben non.	Moon : Ну нет.	
Ria : Mais quand même, c’était son cousin.	Ria : Но всё-таки это был его кузен.	
Raph : C’est bizarre d’aller aux obsèques de quelqu’un qu’on ne connait pas.	Raph : Странно идти на похороны человека, которого не знаешь.	
Gwen : On aurait pu y aller pour Richard.	Gwen : Мы могли бы пойти ради Ришара.	
Vay : Je ne sais pas si ça lui aurait fait tellement plaisir.	Vay : Не знаю, так ли ему было бы приятно.	
Tom : On ne sait jamais bien avec lui.	Tom : С ним никогда толком не знаешь.	
Vay : Quand on voit tout ce qu’il raconte.	Vay : Если посмотреть на всё, что он рассказывает.	
Gwen : La copine à Honolulu. Les flics, les trafics.	Gwen : Девушка в Гонолулу. Копы, махинации.	« flics » est familier pour policiers ; « trafics » évoque des affaires illégales. « копы » et « махинации » gardent le registre.
Tom : C’est lui ?	Tom : Это он?	
Raph : Et tout ce qu’il ne raconte pas.	Raph : И всё, что он не рассказывает.	
Ria : C’est ça surtout.	Ria : Вот именно это главное.	
Moon : S’il disait les choses telles qu’elles sont, ça éviterait de…	Moon : Если бы он говорил всё как есть, это позволило бы избежать…	
Tom : On dirait qu’il n’a pas tellement confiance en nous.	Tom : Такое чувство, что он нам не очень доверяет.	
Liz : Il a toujours été méfiant, Richard.	Liz : Ришар всегда был недоверчивым.	
Gwen : Toujours préféré ses cousins à ses copains.	Gwen : Всегда предпочитал своих кузенов друзьям.	
Khal : Alors forcément…	Khal : Ну тогда, конечно…	
Vay : Ben oui forcément, on voit où ça mène…	Vay : Ну да, конечно, видим, к чему это приводит…	
Liz : Il va avoir honte maintenant vis-à-vis de nous.	Liz : Теперь ему будет стыдно перед нами.	
Tom : Imaginer son cousin gigolo ! Un cousin mort encore plus !	Tom : Представить своего кузена жиголо! А мертвого кузена тем более!	
Stan : Ca ce n’est pas lui, ça, c’est Moon !	Stan : Это не он, это Мун!	
Moon : Je n’ai rien inventé. C’est Ria qui me l’a dit.	Moon : Я ничего не выдумала. Это Рия мне сказала.	
Gwen : Ria ? Alors, faut pas s’étonner.	Gwen : Рия? Тогда нечего удивляться.	
Ria : Ah ?	Ria : А?	
Gwen : Tu n’as jamais remarqué ?	Gwen : Ты никогда не замечала?	
Moon : Tom oui, mais Ria…	Moon : Том да, но Рия…	
Khal : Prête à tout pour se rendre intéressante.	Khal : На всё готова, лишь бы быть интересной.	« se rendre intéressante » signifie attirer l’attention sur soi en dramatisant ou inventant. « быть интересной » garde le reproche.
Vay : Pour attirer l’attention.	Vay : Чтобы привлечь внимание.	
Liz : Une imagination !	Liz : Воображение!	
Liz: Tom ou Ria ?	Liz: Том или Рия?	
Liz : Les deux !	Liz : Оба!	
Tom et Ria : Hé ho ! On est là quand même !	Tom et Ria : Эй-эй! Мы вообще-то здесь!	
Raph : Enfin, on n’est pas dupes !	Raph : В общем, нас не проведешь!	« on n’est pas dupes » signifie qu’on ne se laisse pas tromper. « нас не проведешь » rend l’idiome.
Vay : Vous avez quand même essayé de nous mener en bateau.	Vay : Вы всё-таки попытались водить нас за нос.	« mener en bateau » signifie tromper quelqu’un, lui raconter des histoires. « водить нас за нос » est l’équivalent idiomatique.
Gwen : Mais on n’est pas naïfs au point de croire tout ce qu’on nous dit.	Gwen : Но мы не настолько наивны, чтобы верить всему, что нам говорят.	
Liz : On garde toujours un sens critique.	Liz : Мы всегда сохраняем критическое мышление.	
Khal : C’est important.	Khal : Это важно.	
Raph : Capital.	Raph : Капитально.	« capital » signifie ici essentiel, très important. « капитально » garde un écho lexical et une pointe d’emphase.
FIN	КОНЕЦ	
